{"tickers": {"TAP": [{"ts": 1779754429.488898, "count": 1}, {"ts": 1779770344.117565, "count": 1}]}, "last_run": "2026-05-26T08:25:09.035046+00:00"}