{"tickers": {"TAP": [{"ts": 1779754429.488898, "count": 1}, {"ts": 1779770344.117565, "count": 1}]}, "last_run": "2026-05-26T04:39:04.117565+00:00"}