{"tickers": {"TAP": [{"ts": 1779754429.488898, "count": 1}]}, "last_run": "2026-05-26T00:13:49.488898+00:00"}